,momentum,volatility,strength,breadth,safe_haven,put_call,composite,zone
2025-06-11,76.09561752988047,73.70517928286853,17.52988047808765,84.4621513944223,60.1593625498008,43.82470119521913,59.29614873837982,Greed
2025-06-12,65.73705179282868,61.75298804780876,17.52988047808765,45.81673306772908,35.85657370517929,93.22709163346613,53.320053120849934,Neutral
2025-06-13,58.964143426294825,34.26294820717132,17.52988047808765,22.31075697211155,35.0597609561753,60.1593625498008,38.047808764940235,Fear
2025-06-16,67.72908366533864,37.45019920318725,17.52988047808765,60.95617529880478,49.800796812749006,22.70916334661355,42.69588313413015,Fear
2025-06-17,64.14342629482071,49.40239043824701,17.52988047808765,41.03585657370518,57.76892430278885,49.800796812749006,46.61354581673307,Neutral
2025-06-18,63.745019920318725,53.386454183266935,17.52988047808765,26.294820717131472,50.59760956175299,82.86852589641434,49.07038512616202,Neutral
2025-06-19,61.75298804780876,53.78486055776893,17.52988047808765,22.709163346613543,58.56573705179283,42.62948207171314,42.82868525896415,Fear
2025-06-20,73.70517928286853,73.70517928286853,46.21513944223107,64.5418326693227,62.54980079681275,19.521912350597617,56.70650730411686,Greed
2025-06-23,68.52589641434263,59.76095617529881,17.52988047808765,43.82470119521912,53.38645418326693,35.85657370517929,46.48074369189907,Neutral
2025-06-24,69.7211155378486,75.2988047808765,17.52988047808765,58.964143426294825,62.94820717131474,68.92430278884461,58.89774236387782,Greed
2025-06-25,77.68924302788844,91.23505976095618,47.01195219123506,88.44621513944223,73.30677290836654,24.302788844621517,66.99867197875166,Greed
2025-06-26,83.26693227091634,96.41434262948206,47.01195219123506,96.41434262948208,83.66533864541833,6.374501992031881,68.85790172642763,Greed
2025-06-27,88.84462151394422,98.00796812749005,47.01195219123506,94.42231075697211,90.83665338645417,11.155378486055781,71.71314741035856,Greed
2025-06-30,80.87649402390437,92.82868525896414,47.01195219123506,82.86852589641434,86.45418326693228,80.4780876494024,78.41965471447543,Extreme Greed
2025-07-01,80.87649402390437,96.81274900398407,47.01195219123506,77.29083665338645,90.43824701195219,60.55776892430279,75.49800796812748,Extreme Greed
2025-07-02,78.08764940239044,97.60956175298804,47.01195219123506,72.50996015936255,84.06374501992032,84.4621513944223,77.29083665338645,Extreme Greed
2025-07-03,77.29083665338645,98.00796812749005,47.01195219123506,62.54980079681275,76.49402390438247,67.33067729083666,71.44754316069057,Greed
2025-07-04,78.48605577689243,98.00796812749005,47.01195219123506,72.11155378486056,70.1195219123506,49.40239043824701,69.18990703851262,Greed
2025-07-07,78.48605577689243,94.8207171314741,47.01195219123506,62.15139442231076,66.93227091633466,46.21513944223108,65.93625498007968,Greed
2025-07-08,80.47808764940238,98.40637450199203,47.01195219123506,60.1593625498008,66.93227091633466,33.06772908366534,64.3426294820717,Greed
2025-07-09,78.08764940239044,99.60159362549801,47.01195219123506,50.99601593625498,63.34661354581673,66.53386454183267,67.59628154050465,Greed
2025-07-10,75.2988047808765,100.0,17.52988047808765,26.294820717131472,67.33067729083665,87.64940239043824,62.35059760956175,Greed
2025-07-11,68.12749003984064,99.20318725099601,17.52988047808765,11.155378486055776,62.94820717131474,88.04780876494024,57.83532536520585,Greed
2025-07-14,66.13545816733067,98.00796812749005,17.52988047808765,13.94422310756972,52.589641434262944,93.62549800796813,56.972111553784856,Greed
2025-07-15,69.7211155378486,100.0,17.52988047808765,35.45816733067729,62.54980079681275,58.96414342629482,57.37051792828685,Greed
2025-07-16,69.7211155378486,100.0,48.60557768924303,35.0597609561753,68.52589641434263,49.40239043824701,61.88579017264277,Greed
2025-07-17,64.9402390438247,100.0,48.60557768924303,28.68525896414343,60.95617529880478,82.86852589641434,64.34262948207171,Greed
2025-07-18,56.97211155378486,99.20318725099601,0.0,17.131474103585656,39.44223107569721,82.86852589641434,49.26958831341301,Neutral
2025-07-21,62.54980079681275,100.0,49.00398406374502,25.89641434262948,49.00398406374502,43.02788844621514,54.913678618857894,Neutral
2025-07-22,60.1593625498008,100.0,49.40239043824701,19.52191235059761,47.01195219123506,70.5179282868526,57.768924302788854,Greed
2025-07-23,68.92430278884463,100.0,49.40239043824701,50.59760956175299,44.223107569721115,17.13147410358566,55.046480743691895,Greed
2025-07-24,59.36254980079681,99.60159362549801,0.0,29.880478087649404,27.091633466135455,80.87649402390439,49.468791500664004,Neutral
2025-07-25,52.98804780876494,97.60956175298804,0.0,11.155378486055776,15.53784860557769,96.41434262948206,45.61752988047809,Neutral
2025-07-28,49.800796812749006,93.22709163346613,18.725099601593627,7.569721115537849,15.53784860557769,99.60159362549801,47.410358565737056,Neutral
2025-07-29,51.79282868525896,96.41434262948206,18.725099601593627,32.669322709163346,23.904382470119522,77.68924302788845,50.199203187250994,Neutral
2025-07-30,52.589641434262944,98.40637450199203,18.725099601593627,36.254980079681275,28.68525896414343,57.76892430278885,48.73837981407703,Neutral
2025-07-31,50.59760956175299,95.61752988047809,0.0,17.131474103585656,27.091633466135455,32.66932270916335,37.18459495351925,Fear
2025-08-01,48.20717131474104,93.62549800796813,0.0,6.374501992031872,19.12350597609562,89.24302788844622,42.76228419654715,Fear
2025-08-04,49.800796812749006,93.62549800796813,19.52191235059761,39.8406374501992,21.51394422310757,43.82470119521913,44.68791500664011,Fear
2025-08-05,49.40239043824701,94.8207171314741,19.52191235059761,41.03585657370518,16.334661354581673,69.7211155378486,48.47277556440903,Neutral
2025-08-06,48.20717131474104,93.62549800796813,19.52191235059761,18.725099601593627,14.741035856573706,89.24302788844622,47.34395750332006,Neutral
2025-08-07,48.60557768924303,94.8207171314741,52.98804780876494,39.44223107569721,24.701195219123505,47.410358565737056,51.32802124833997,Neutral
2025-08-08,46.21513944223107,90.43824701195219,19.52191235059761,13.94422310756972,25.89641434262948,98.00796812749005,49.00398406374501,Neutral
2025-08-11,48.60557768924303,89.24302788844622,19.52191235059761,58.964143426294825,35.45816733067729,29.880478087649394,46.94555112881806,Neutral
2025-08-12,48.20717131474104,88.84462151394422,19.52191235059761,49.800796812749006,28.286852589641438,82.47011952191235,52.855245683930946,Neutral
2025-08-13,49.800796812749006,89.64143426294821,53.38645418326693,67.33067729083665,35.0597609561753,23.10756972111554,53.05444887118193,Neutral
2025-08-14,49.800796812749006,87.64940239043824,53.38645418326693,62.54980079681275,38.24701195219124,38.645418326693225,55.046480743691895,Greed
2025-08-18,55.37848605577689,87.64940239043824,53.38645418326693,84.06374501992032,58.964143426294825,33.46613545816733,62.15139442231075,Greed
2025-08-19,57.37051792828686,94.02390438247012,52.98804780876494,84.4621513944223,59.36254980079681,17.13147410358566,60.88977423638778,Greed
2025-08-20,60.55776892430279,94.02390438247012,52.98804780876494,83.66533864541833,62.15139442231076,5.577689243027891,59.82735723771581,Greed
2025-08-21,60.95617529880478,96.81274900398407,52.98804780876494,77.29083665338645,58.16733067729084,25.099601593625493,61.885790172642764,Greed
2025-08-22,52.98804780876494,93.62549800796813,52.98804780876494,44.6215139442231,54.18326693227091,91.63346613545816,65.0066401062417,Greed
2025-08-25,56.17529880478087,93.22709163346613,52.98804780876494,58.56573705179283,67.72908366533864,56.17529880478088,64.14342629482071,Greed
2025-08-26,49.00398406374502,87.25099601593625,52.98804780876494,30.278884462151396,62.94820717131474,93.22709163346613,62.61620185922974,Greed
2025-08-28,46.21513944223107,87.25099601593625,52.98804780876494,15.53784860557769,46.613545816733065,85.65737051792829,55.71049136786189,Greed
2025-08-29,43.82470119521912,93.22709163346613,52.98804780876494,16.334661354581673,40.23904382470119,94.8207171314741,56.90571049136786,Greed
2025-09-01,48.60557768924303,96.81274900398407,52.98804780876494,52.191235059760956,55.77689243027888,15.936254980079681,53.71845949535194,Neutral
2025-09-02,47.410358565737056,95.61752988047809,52.98804780876494,59.76095617529881,64.5418326693227,42.23107569721115,60.42496679946879,Greed
2025-09-03,50.59760956175299,98.80478087649402,52.98804780876494,75.2988047808765,64.5418326693227,7.968127490039848,58.36653386454183,Greed
2025-09-04,50.59760956175299,98.80478087649402,52.98804780876494,61.354581673306775,67.33067729083665,65.33864541832669,66.06905710491368,Greed
2025-09-05,49.800796812749006,98.80478087649402,52.98804780876494,58.16733067729084,72.50996015936255,58.167330677290835,65.07304116865869,Greed
2025-09-08,50.59760956175299,98.40637450199203,52.98804780876494,53.38645418326693,68.12749003984064,38.645418326693225,60.358565737051784,Greed
2025-09-09,52.191235059760956,99.60159362549801,52.98804780876494,70.5179282868526,81.27490039840637,14.741035856573703,61.885790172642764,Greed
2025-09-10,55.77689243027888,99.60159362549801,52.98804780876494,87.25099601593625,76.89243027888446,10.756972111553793,63.877822045152726,Greed
2025-09-11,56.573705179282875,100.0,52.98804780876494,81.67330677290838,80.47808764940238,8.764940239043824,63.41301460823374,Greed
2025-09-12,57.76892430278885,100.0,52.98804780876494,77.29083665338645,77.68924302788844,4.382470119521912,61.68658698539176,Greed
2025-09-15,57.37051792828686,99.20318725099601,52.98804780876494,55.37848605577689,77.68924302788844,20.717131474103596,60.55776892430279,Greed
2025-09-16,61.354581673306775,99.60159362549801,52.98804780876494,82.86852589641434,74.5019920318725,1.9920318725099548,62.217795484727766,Greed
2025-09-17,63.34661354581673,99.60159362549801,52.98804780876494,86.45418326693228,67.72908366533864,7.968127490039848,63.014608233731735,Greed
2025-09-18,68.12749003984064,100.0,52.98804780876494,93.62549800796812,69.7211155378486,11.55378486055777,66.00265604249668,Greed
2025-09-19,62.54980079681275,99.60159362549801,52.98804780876494,82.07171314741036,60.55776892430279,41.83266932270916,66.60026560424966,Greed
2025-09-22,57.76892430278885,96.41434262948206,19.52191235059761,66.53386454183267,61.75298804780876,91.63346613545816,65.60424966799468,Greed
2025-09-23,56.97211155378486,96.01593625498008,53.38645418326693,51.39442231075697,55.37848605577689,60.55776892430279,62.284196547144745,Greed
2025-09-24,52.191235059760956,97.21115537848605,53.38645418326693,34.66135458167331,62.15139442231076,54.9800796812749,59.09694555112882,Greed
2025-09-25,47.01195219123506,94.02390438247012,19.52191235059761,12.350597609561753,63.34661354581673,97.21115537848605,55.57768924302789,Greed
2025-09-26,41.43426294820717,88.44621513944223,52.589641434262944,1.593625498007968,58.964143426294825,99.60159362549801,57.104913678618864,Greed
2025-09-29,39.8406374501992,89.64143426294821,19.52191235059761,3.5856573705179287,46.613545816733065,93.62549800796813,48.80478087649402,Neutral
2025-09-30,39.44223107569721,92.03187250996015,52.98804780876494,10.358565737051793,45.41832669322709,62.15139442231076,50.398406374501995,Neutral
2025-10-01,45.81673306772908,98.00796812749005,54.980079681274894,37.05179282868526,46.21513944223107,6.772908366533869,48.140770252324025,Neutral
2025-10-03,47.01195219123506,99.20318725099601,54.980079681274894,50.59760956175299,49.00398406374502,7.171314741035857,51.32802124833998,Neutral
2025-10-06,53.78486055776892,98.40637450199203,54.980079681274894,62.94820717131474,59.36254980079681,0.0,54.91367861885791,Neutral
2025-10-07,54.980079681274894,99.20318725099601,54.980079681274894,57.76892430278885,61.354581673306775,23.90438247011953,58.69853917662682,Greed
2025-10-08,50.99601593625498,96.41434262948206,19.52191235059761,39.04382470119522,52.98804780876494,75.69721115537848,55.776892430278885,Greed
2025-10-09,55.77689243027888,98.40637450199203,54.980079681274894,70.5179282868526,60.1593625498008,21.513944223107572,60.2257636122178,Greed
2025-10-10,59.36254980079681,98.40637450199203,54.581673306772906,84.4621513944223,62.94820717131474,0.7968127490039763,60.092961487383796,Greed
2025-10-13,56.17529880478087,89.24302788844622,54.581673306772906,68.52589641434263,51.79282868525896,23.90438247011953,57.37051792828685,Greed
2025-10-14,51.79282868525896,88.44621513944223,19.52191235059761,50.199203187250994,48.60557768924303,72.11155378486056,55.112881806108895,Greed
2025-10-15,59.36254980079681,93.62549800796813,54.980079681274894,76.49402390438247,48.60557768924303,5.577689243027891,56.44090305444888,Greed
2025-10-16,69.32270916334662,89.24302788844622,54.980079681274894,94.42231075697211,60.95617529880478,0.0,61.48738379814077,Greed
2025-10-17,74.9003984063745,81.67330677290836,54.980079681274894,94.02390438247012,62.15139442231076,5.976095617529879,62.28419654714475,Greed
2025-10-20,78.88446215139442,84.86055776892431,54.980079681274894,94.82071713147411,78.88446215139442,30.278884462151396,70.4515272244356,Greed
2025-10-21,78.88446215139442,84.86055776892431,54.581673306772906,94.82071713147411,83.26693227091634,20.717131474103596,69.52191235059762,Greed
2025-10-23,78.88446215139442,79.28286852589642,54.581673306772906,92.03187250996015,86.85258964143426,41.035856573705175,72.11155378486056,Greed
2025-10-27,79.2828685258964,76.09561752988049,53.78486055776892,89.2430278884462,94.02390438247012,22.310756972111562,69.12350597609561,Greed
2025-10-28,78.48605577689243,75.2988047808765,53.38645418326693,71.71314741035857,97.21115537848605,45.418326693227094,70.2523240371846,Greed
2025-10-29,81.27490039840637,74.5019920318725,52.98804780876494,82.47011952191235,97.60956175298804,15.537848605577693,67.39707835325366,Greed
2025-10-30,75.2988047808765,72.11155378486056,52.589641434262944,55.37848605577689,96.81274900398407,88.84462151394422,73.50597609561753,Greed
2025-10-31,67.72908366533864,71.31474103585657,52.191235059760956,25.099601593625497,89.64143426294821,98.80478087649402,67.46347941567065,Greed
2025-11-03,68.12749003984064,64.5418326693227,52.191235059760956,33.86454183266932,92.43027888446214,81.27490039840637,65.40504648074369,Greed
2025-11-04,61.75298804780876,64.5418326693227,51.79282868525896,16.334661354581673,81.27490039840637,86.45418326693228,60.358565737051784,Greed
2025-11-06,58.56573705179283,66.93227091633466,51.39442231075697,12.350597609561753,78.08764940239044,81.67330677290836,58.167330677290835,Greed
2025-11-07,55.37848605577689,65.73705179282868,50.99601593625498,25.49800796812749,78.88446215139442,45.019920318725106,53.58565737051793,Neutral
2025-11-10,60.1593625498008,68.92430278884461,50.59760956175299,43.42629482071713,75.2988047808765,34.26294820717132,55.44488711819389,Greed
2025-11-11,64.14342629482071,65.73705179282868,50.199203187250994,70.5179282868526,73.30677290836654,19.12350597609563,57.17131474103585,Greed
2025-11-12,70.5179282868526,71.71314741035856,49.800796812749006,86.05577689243027,80.47808764940238,4.382470119521912,60.491367861885784,Greed
2025-11-13,70.1195219123506,70.5179282868526,49.40239043824701,69.7211155378486,84.86055776892431,19.521912350597617,60.69057104913679,Greed
2025-11-14,72.90836653386454,75.69721115537848,49.00398406374502,73.70517928286853,78.88446215139442,49.00398406374502,66.53386454183267,Greed
2025-11-17,76.09561752988047,77.29083665338646,48.60557768924303,88.44621513944223,76.09561752988047,17.13147410358566,63.944223107569734,Greed
2025-11-18,70.1195219123506,70.91633466135458,48.20717131474104,52.589641434262944,57.76892430278885,43.82470119521913,57.23771580345286,Greed
2025-11-19,76.49402390438247,73.70517928286853,47.808764940239044,63.745019920318725,61.354581673306775,3.5856573705179215,54.448871181938905,Neutral
2025-11-20,80.87649402390437,69.7211155378486,47.410358565737056,68.92430278884463,66.93227091633466,0.0,55.64409030544488,Greed
2025-11-21,75.2988047808765,51.79282868525896,47.01195219123506,55.37848605577689,57.76892430278885,32.270916334661365,53.25365205843293,Neutral
2025-11-24,70.1195219123506,56.57370517928287,46.613545816733065,30.278884462151396,57.76892430278885,82.47011952191235,57.30411686586985,Greed
2025-11-25,64.14342629482071,66.13545816733068,46.21513944223107,20.717131474103585,39.04382470119522,71.71314741035856,51.32802124833997,Neutral
2025-11-26,79.2828685258964,73.70517928286853,45.81673306772908,62.94820717131474,57.76892430278885,0.0,53.25365205843293,Neutral
2025-11-27,78.88446215139442,77.29083665338646,45.81673306772908,55.77689243027888,45.81673306772908,12.35059760956176,52.65604249667995,Neutral
2025-11-28,77.68924302788844,80.4780876494024,45.81673306772908,48.20717131474104,52.589641434262944,15.537848605577693,53.38645418326693,Neutral
2025-12-01,76.89243027888446,80.0796812749004,45.81673306772908,44.223107569721115,72.90836653386454,55.3784860557769,62.54980079681275,Greed
2025-12-02,69.32270916334662,86.45418326693228,45.81673306772908,27.88844621513944,58.56573705179283,71.31474103585657,59.89375830013281,Greed
2025-12-03,63.34661354581673,86.85258964143426,15.936254980079681,15.139442231075698,68.12749003984064,64.9402390438247,52.39043824701196,Neutral
2025-12-04,65.33864541832669,90.0398406374502,45.41832669322709,40.63745019920319,78.08764940239044,48.20717131474104,61.288180610889775,Greed
2025-12-05,74.9003984063745,95.2191235059761,45.41832669322709,78.88446215139442,83.66533864541833,7.171314741035857,64.20982735723771,Greed
2025-12-08,59.36254980079681,86.85258964143426,15.936254980079681,31.47410358565737,69.32270916334662,98.40637450199203,60.2257636122178,Greed
2025-12-09,54.581673306772906,87.64940239043824,15.936254980079681,19.52191235059761,49.40239043824701,79.28286852589642,51.06241699867197,Neutral
2025-12-10,50.199203187250994,88.04780876494024,15.936254980079681,23.904382470119522,37.45019920318725,91.23505976095618,51.12881806108897,Neutral
2025-12-11,56.17529880478087,94.42231075697211,15.936254980079681,52.98804780876494,47.01195219123506,43.82470119521913,51.72642762284196,Neutral
2025-12-12,62.94820717131474,98.00796812749005,46.21513944223107,76.09561752988047,56.17529880478087,12.749003984063748,58.69853917662683,Greed
2025-12-15,60.55776892430279,96.41434262948206,45.81673306772908,65.73705179282868,45.0199203187251,9.561752988047814,53.851261620185916,Neutral
2025-12-16,51.79282868525896,98.80478087649402,45.81673306772908,38.645418326693225,41.832669322709165,66.93227091633466,57.304116865869865,Greed
2025-12-17,49.40239043824701,100.0,15.936254980079681,41.03585657370518,30.677290836653388,82.86852589641434,53.320053120849934,Neutral
2025-12-18,48.20717131474104,100.0,15.936254980079681,42.23107569721115,27.091633466135455,69.7211155378486,50.53120849933598,Neutral
2025-12-19,56.17529880478087,100.0,15.936254980079681,78.08764940239044,41.43426294820717,17.928286852589636,51.593625498007974,Neutral
2025-12-22,70.1195219123506,99.60159362549801,46.613545816733065,91.23505976095618,62.54980079681275,0.7968127490039763,61.81938911022576,Greed
2025-12-23,69.7211155378486,100.0,46.21513944223107,88.84462151394422,78.08764940239044,18.326693227091624,66.86586985391766,Greed
2025-12-24,63.34661354581673,100.0,45.81673306772908,74.5019920318725,48.60557768924303,36.254980079681275,61.42098273572376,Greed
2025-12-26,56.17529880478087,100.0,45.41832669322709,58.16733067729084,41.03585657370518,85.65737051792829,64.40903054448872,Greed
2025-12-29,51.39442231075697,97.60956175298804,13.94422310756972,35.85657370517929,38.645418326693225,97.60956175298804,55.843293492695885,Greed
2025-12-30,50.99601593625498,98.40637450199203,45.0199203187251,21.91235059760956,31.47410358565737,63.745019920318725,51.92563081009296,Neutral
2025-12-31,61.75298804780876,98.80478087649402,44.6215139442231,62.54980079681275,50.99601593625498,5.179282868525888,53.98406374501992,Neutral
2026-01-02,75.2988047808765,98.80478087649402,43.82470119521912,91.63346613545816,71.31474103585657,0.0,63.479415670650724,Greed
2026-01-05,70.91633466135458,94.8207171314741,43.42629482071713,86.45418326693228,56.97211155378486,35.85657370517929,64.7410358565737,Greed
2026-01-06,62.15139442231076,94.8207171314741,43.82470119521912,93.22709163346613,70.1195219123506,52.191235059760956,69.38911022576362,Greed
2026-01-07,58.16733067729084,95.2191235059761,43.02788844621514,81.67330677290838,69.7211155378486,55.3784860557769,67.19787516600266,Greed
2026-01-08,42.23107569721115,84.86055776892431,0.0,32.27091633466135,47.410358565737056,97.60956175298804,50.73041168658699,Neutral
2026-01-09,31.47410358565737,80.0796812749004,0.0,13.147410358565736,25.099601593625497,100.0,41.63346613545817,Fear
2026-01-12,35.85657370517929,73.30677290836654,45.81673306772908,44.6215139442231,25.89641434262948,53.78486055776893,46.547144754316065,Neutral
2026-01-13,32.27091633466135,77.29083665338646,14.342629482071715,34.26294820717131,23.50597609561753,78.08764940239044,43.29349269588314,Fear
2026-01-14,29.880478087649404,73.30677290836654,45.41832669322709,22.709163346613543,28.68525896414343,74.10358565737052,45.68393094289508,Neutral
2026-01-16,30.278884462151396,72.50996015936255,13.94422310756972,23.904382470119522,37.05179282868526,86.05577689243029,43.95750332005312,Fear
2026-01-19,27.091633466135455,62.15139442231076,44.6215139442231,15.53784860557769,28.286852589641438,83.66533864541833,43.559096945551126,Fear
2026-01-20,23.107569721115535,44.22310756972112,0.0,0.796812749003984,13.94422310756972,97.60956175298804,29.946879150066405,Fear
2026-01-21,21.91235059760956,33.46613545816733,0.0,0.796812749003984,4.780876494023905,78.48605577689243,23.240371845949536,Extreme Fear
2026-01-22,24.302788844621514,40.63745019920319,44.223107569721115,16.733067729083665,7.968127490039841,57.37051792828685,31.872509960159366,Fear
2026-01-23,20.318725099601593,28.286852589641427,0.0,7.171314741035857,3.187250996015936,94.8207171314741,25.630810092961486,Fear
2026-01-27,21.51394422310757,25.896414342629484,41.43426294820717,25.89641434262948,8.764940239043826,45.81673306772909,28.220451527224437,Fear
2026-01-28,24.701195219123505,39.04382470119522,43.82470119521912,47.01195219123506,16.334661354581673,38.24701195219124,34.8605577689243,Fear
2026-01-29,25.89641434262948,40.23904382470119,41.832669322709165,44.223107569721115,18.326693227091635,27.88844621513944,33.067729083665334,Fear
2026-01-30,23.904382470119522,37.84860557768924,43.42629482071713,47.410358565737056,9.9601593625498,53.386454183266935,35.98937583001328,Fear
2026-02-02,19.12350597609562,30.677290836653384,0.0,19.12350597609562,4.780876494023905,36.65338645418327,18.39309428950863,Extreme Fear
2026-02-03,30.278884462151396,43.426294820717125,43.02788844621514,66.93227091633466,13.147410358565736,41.035856573705175,39.6414342629482,Fear
2026-02-04,31.872509960159363,51.39442231075697,42.62948207171315,82.47011952191235,14.342629482071715,26.69322709163346,41.567065073041164,Fear
2026-02-05,26.693227091633464,53.78486055776893,42.62948207171315,64.5418326693227,16.334661354581673,72.90836653386455,46.148738379814084,Neutral
2026-02-06,27.091633466135455,61.354581673306775,42.23107569721115,56.17529880478087,16.733067729083665,40.23904382470119,40.63745019920319,Fear
2026-02-09,35.0597609561753,52.589641434262944,42.23107569721115,78.88446215139442,36.65338645418327,20.717131474103596,44.355909694555116,Fear
2026-02-10,38.24701195219124,66.93227091633466,42.23107569721115,79.2828685258964,54.581673306772906,19.12350597609563,50.06640106241699,Neutral
2026-02-11,38.645418326693225,68.52589641434263,42.23107569721115,77.68924302788844,42.23107569721115,29.083665338645417,49.734395750332,Neutral
2026-02-12,29.08366533864542,64.9402390438247,39.04382470119522,59.36254980079681,31.07569721115538,72.11155378486056,49.26958831341302,Neutral
2026-02-13,21.51394422310757,38.645418326693225,12.350597609561753,21.91235059760956,19.9203187250996,97.60956175298804,35.32536520584329,Fear
2026-02-16,23.50597609561753,37.05179282868526,39.44223107569721,50.99601593625498,23.50597609561753,21.513944223107572,32.669322709163346,Fear
2026-02-17,24.701195219123505,42.23107569721115,43.42629482071713,60.95617529880478,27.490039840637447,20.717131474103596,36.58698539176627,Fear
2026-02-18,27.490039840637447,50.199203187250994,41.03585657370518,80.0796812749004,61.75298804780876,7.171314741035857,44.6215139442231,Fear
2026-02-19,19.12350597609562,34.66135458167331,11.952191235059761,35.45816733067729,33.46613545816733,94.8207171314741,38.24701195219124,Fear
2026-02-20,21.51394422310757,21.91235059760956,38.24701195219124,49.800796812749006,46.21513944223107,39.04382470119522,36.12217795484728,Fear
2026-02-23,22.709163346613543,23.10756972111554,38.24701195219124,74.10358565737052,77.68924302788844,29.880478087649394,44.28950863213811,Fear
2026-02-24,16.334661354581673,23.10756972111554,37.84860557768924,58.56573705179283,39.04382470119522,58.56573705179283,38.911022576361226,Fear
2026-02-25,18.326693227091635,33.46613545816733,43.42629482071713,81.27490039840637,29.482071713147413,60.1593625498008,44.355909694555116,Fear
2026-02-26,19.12350597609562,39.04382470119522,43.42629482071713,76.09561752988047,25.099601593625497,59.36254980079681,43.691899070385126,Fear
2026-02-27,10.756972111553784,28.68525896414343,11.155378486055776,25.49800796812749,19.12350597609562,99.60159362549801,32.47011952191235,Fear
2026-03-02,8.764940239043826,9.960159362549803,10.756972111553784,5.9760956175298805,16.733067729083665,50.99601593625498,17.197875166002657,Extreme Fear
2026-03-04,6.374501992031872,1.1952191235059786,0.0,0.398406374501992,1.9920318725099602,45.81673306772909,9.296148738379815,Extreme Fear
2026-03-05,7.569721115537849,6.772908366533869,10.358565737051793,8.764940239043826,3.187250996015936,34.66135458167331,11.885790172642762,Extreme Fear
2026-03-06,5.577689243027888,2.7888446215139453,0.0,3.5856573705179287,1.593625498007968,70.5179282868526,14.01062416998672,Extreme Fear
2026-03-09,1.593625498007968,0.0,0.0,0.398406374501992,0.398406374501992,37.84860557768924,6.706507304116865,Extreme Fear
2026-03-10,4.780876494023905,4.382470119521912,0.0,12.350597609561753,0.398406374501992,34.66135458167331,9.428950863213812,Extreme Fear
2026-03-11,0.796812749003984,1.9920318725099548,9.56175298804781,3.187250996015936,0.0,71.31474103585657,14.47543160690571,Extreme Fear
2026-03-12,0.0,1.1952191235059786,9.9601593625498,1.1952191235059761,0.0,65.73705179282868,13.01460823373174,Extreme Fear
2026-03-13,0.0,0.7968127490039763,0.0,0.0,0.0,88.04780876494024,14.807436918990703,Extreme Fear
2026-03-16,0.398406374501992,1.5936254980079667,0.0,3.5856573705179287,1.1952191235059761,33.46613545816733,6.706507304116865,Extreme Fear
2026-03-17,0.796812749003984,5.179282868525888,0.0,13.94422310756972,1.593625498007968,22.310756972111562,7.304116865869854,Extreme Fear
2026-03-18,1.593625498007968,6.772908366533869,0.0,41.03585657370518,1.9920318725099602,17.13147410358566,11.420982735723774,Extreme Fear
2026-03-19,0.0,0.3984063745019881,0.0,6.374501992031872,0.398406374501992,56.17529880478088,10.557768924302788,Extreme Fear
2026-03-20,0.796812749003984,0.3984063745019881,0.0,30.677290836653388,1.1952191235059761,50.99601593625498,14.010624169986718,Extreme Fear
2026-03-23,0.0,0.0,0.0,5.577689243027888,0.0,68.12749003984064,12.284196547144754,Extreme Fear
2026-03-24,0.398406374501992,0.3984063745019881,0.0,38.24701195219124,1.1952191235059761,34.26294820717132,12.416998671978753,Extreme Fear
2026-03-25,2.3904382470119523,0.7968127490039763,12.749003984063744,81.27490039840637,3.5856573705179287,9.163346613545826,18.326693227091635,Extreme Fear
2026-03-27,0.398406374501992,0.0,0.0,37.45019920318725,1.9920318725099602,48.60557768924303,14.741035856573708,Extreme Fear
2026-03-30,0.0,0.0,11.952191235059761,7.968127490039841,0.398406374501992,72.50996015936255,15.471447543160691,Extreme Fear
2026-04-01,0.796812749003984,1.1952191235059786,13.147410358565736,36.254980079681275,1.9920318725099602,52.191235059760956,17.59628154050465,Extreme Fear
2026-04-02,1.1952191235059761,1.1952191235059786,0.0,37.05179282868526,5.179282868525896,23.10756972111554,11.288180610889775,Extreme Fear
2026-04-06,3.187250996015936,1.5936254980079667,14.342629482071715,78.08764940239044,7.569721115537849,6.374501992031881,18.52589641434263,Extreme Fear
2026-04-07,3.9840637450199203,2.7888446215139453,14.342629482071715,90.43824701195219,6.772908366533864,5.577689243027891,20.650730411686588,Extreme Fear
2026-04-08,7.968127490039841,9.960159362549803,45.0199203187251,96.81274900398407,23.50597609561753,20.717131474103596,33.997343957503325,Fear
2026-04-09,7.171314741035857,8.764940239043824,44.6215139442231,91.63346613545816,23.904382470119522,39.8406374501992,35.98937583001328,Fear
2026-04-10,8.764940239043826,11.952191235059757,44.223107569721115,98.00796812749005,22.31075697211155,20.717131474103596,34.32934926958831,Fear
2026-04-13,7.968127490039841,8.366533864541836,13.545816733067728,83.26693227091634,39.04382470119522,11.55378486055777,27.290836653386453,Fear
2026-04-15,11.155378486055776,13.147410358565736,43.82470119521912,97.60956175298804,88.84462151394422,21.513944223107572,46.01593625498008,Neutral
2026-04-16,11.155378486055776,15.936254980079681,43.42629482071713,94.42231075697211,96.41434262948208,39.44223107569721,50.132802124833994,Neutral
2026-04-17,11.553784860557768,20.318725099601593,43.02788844621514,97.60956175298804,94.02390438247012,25.099601593625493,48.60557768924303,Neutral
2026-04-20,11.553784860557768,12.35059760956176,42.62948207171315,92.43027888446214,89.64143426294821,18.725099601593627,44.55511288180611,Fear
2026-04-21,12.749003984063744,17.529880478087648,42.23107569721115,94.82071713147411,88.44621513944223,1.9920318725099548,42.961487383798136,Fear
2026-04-22,11.553784860557768,13.944223107569726,39.04382470119522,82.86852589641434,97.60956175298804,35.85657370517929,46.81274900398407,Neutral
2026-04-23,10.358565737051793,12.35059760956176,37.84860557768924,56.97211155378486,95.2191235059761,55.776892430278885,44.754316069057104,Fear
2026-04-24,7.968127490039841,9.163346613545826,11.952191235059761,31.47410358565737,97.21115537848605,80.4780876494024,39.70783532536521,Fear
2026-04-27,9.9601593625498,13.944223107569726,43.42629482071713,68.92430278884463,94.82071713147411,38.645418326693225,44.953519256308105,Fear
2026-04-28,9.56175298804781,16.733067729083658,38.24701195219124,55.37848605577689,86.05577689243027,62.94820717131474,44.820717131474105,Fear
2026-04-29,12.350597609561753,19.12350597609563,43.82470119521912,78.08764940239044,96.81274900398407,32.270916334661365,47.07835325365206,Neutral
2026-04-30,9.9601593625498,13.545816733067724,43.82470119521912,44.6215139442231,98.40637450199203,39.8406374501992,41.699867197875164,Fear
2026-05-04,12.749003984063744,15.537848605577693,43.82470119521912,66.93227091633466,96.81274900398407,77.68924302788845,52.257636122177956,Neutral
2026-05-05,11.553784860557768,18.725099601593627,43.82470119521912,50.59760956175299,95.2191235059761,44.62151394422311,44.09030544488712,Fear
2026-05-06,15.53784860557769,25.099601593625493,39.8406374501992,67.72908366533864,95.2191235059761,10.35856573705179,42.297476759628154,Fear
2026-05-07,15.936254980079681,25.099601593625493,39.8406374501992,57.76892430278885,94.02390438247012,26.294820717131472,43.16069057104914,Fear
2026-05-08,13.94422310756972,24.302788844621517,44.223107569721115,48.20717131474104,56.97211155378486,53.78486055776893,40.23904382470119,Fear
2026-05-11,9.163346613545817,13.147410358565736,39.8406374501992,27.490039840637447,62.54980079681275,87.25099601593625,39.907038512616204,Fear
2026-05-12,6.772908366533864,9.960159362549803,0.0,5.179282868525896,17.52988047808765,94.8207171314741,22.37715803452855,Extreme Fear
2026-05-13,7.171314741035857,9.960159362549803,10.756972111553784,7.569721115537849,25.89641434262948,51.79282868525896,18.857901726427624,Extreme Fear
2026-05-14,8.764940239043826,13.147410358565736,37.45019920318725,32.27091633466135,20.717131474103585,12.749003984063748,20.849933598937582,Extreme Fear
2026-05-15,8.764940239043826,11.952191235059757,45.41832669322709,25.49800796812749,21.91235059760956,37.45019920318725,25.166002656042494,Fear
2026-05-18,9.163346613545817,9.561752988047814,45.0199203187251,27.091633466135455,21.115537848605577,6.772908366533869,19.787516600265604,Extreme Fear
2026-05-19,9.163346613545817,12.35059760956176,44.6215139442231,33.067729083665334,20.717131474103585,45.019920318725106,27.49003984063745,Fear
2026-05-20,11.553784860557768,15.13944223107569,12.749003984063744,34.26294820717131,15.53784860557769,6.772908366533869,16.00265604249668,Extreme Fear
2026-05-21,11.952191235059761,19.12350597609563,45.0199203187251,34.26294820717131,19.12350597609562,38.24701195219124,27.954847277556443,Fear
2026-05-22,13.147410358565736,18.725099601593627,45.0199203187251,41.03585657370518,29.482071713147413,27.88844621513944,29.216467463479415,Fear
2026-05-25,19.12350597609562,24.302788844621517,44.6215139442231,71.31474103585657,68.92430278884463,5.976095617529879,39.04382470119523,Fear
2026-05-26,17.928286852589643,26.294820717131472,44.6215139442231,59.76095617529881,39.8406374501992,43.02788844621514,38.57901726427623,Fear
2026-05-27,18.326693227091635,27.88844621513944,44.223107569721115,75.2988047808765,42.23107569721115,35.85657370517929,40.637450199203194,Fear
2026-05-29,11.553784860557768,25.498007968127496,0.0,25.49800796812749,16.733067729083665,89.64143426294821,28.154050464807437,Fear
2026-06-01,8.366533864541832,24.701195219123505,0.0,9.56175298804781,17.52988047808765,94.42231075697211,25.763612217795487,Fear
2026-06-02,10.756972111553784,26.69322709163346,13.545816733067728,16.334661354581673,15.936254980079681,31.474103585657375,19.12350597609562,Extreme Fear
2026-06-03,9.163346613545817,24.701195219123505,12.749003984063744,13.545816733067728,19.12350597609562,36.65338645418327,19.322709163346612,Extreme Fear
2026-06-04,10.358565737051793,25.896414342629484,13.94422310756972,15.936254980079681,10.358565737051793,39.04382470119522,19.256308100929616,Extreme Fear
2026-06-05,9.56175298804781,25.896414342629484,12.749003984063744,17.928286852589643,8.764940239043826,72.90836653386455,24.63479415670651,Extreme Fear
2026-06-08,7.569721115537849,20.717131474103596,0.0,4.382470119521913,7.569721115537849,82.07171314741035,20.385126162018594,Extreme Fear
2026-06-09,8.764940239043826,26.294820717131472,14.741035856573706,16.733067729083665,10.756972111553784,56.17529880478088,22.24435590969455,Extreme Fear
2026-06-10,8.764940239043826,25.896414342629484,0.0,14.741035856573706,22.31075697211155,54.18326693227092,20.98273572377158,Extreme Fear
2026-06-11,8.764940239043826,25.896414342629484,0.0,11.155378486055776,19.52191235059761,41.83266932270916,17.86188579017264,Extreme Fear
2026-06-12,21.51394422310757,28.286852589641427,0.0,40.63745019920319,23.50597609561753,1.5936254980079667,19.256308100929612,Extreme Fear
2026-06-15,26.294820717131472,30.278884462151396,16.334661354581673,55.37848605577689,29.482071713147413,41.83266932270916,33.266932270916335,Fear
2026-06-16,27.490039840637447,38.24701195219124,45.41832669322709,66.93227091633466,37.84860557768924,23.505976095617527,39.9070385126162,Fear
2026-06-17,27.88844621513944,39.8406374501992,45.0199203187251,76.09561752988047,49.00398406374502,25.498007968127496,43.89110225763611,Fear
2026-06-18,28.68525896414343,42.62948207171314,44.6215139442231,83.26693227091634,47.410358565737056,23.505976095617527,45.0199203187251,Neutral
2026-06-19,27.88844621513944,39.8406374501992,0.0,68.12749003984064,38.24701195219124,60.55776892430279,39.11022576361221,Fear
2026-06-22,28.68525896414343,40.63745019920319,44.223107569721115,80.0796812749004,46.21513944223107,47.410358565737056,47.875166002656044,Neutral
2026-06-23,27.091633466135455,31.872509960159363,0.0,43.82470119521912,15.139442231075698,92.43027888446215,35.059760956175296,Fear
2026-06-24,29.08366533864542,35.85657370517929,35.85657370517929,54.581673306772906,27.88844621513944,11.155378486055781,32.40371845949536,Fear
2026-06-25,29.482071713147413,39.04382470119522,17.131474103585656,42.23107569721115,26.294820717131472,31.075697211155372,30.87649402390438,Fear
2026-06-29,28.68525896414343,33.86454183266933,44.223107569721115,37.45019920318725,41.03585657370518,70.5179282868526,42.62948207171315,Fear
2026-06-30,28.286852589641438,33.86454183266933,13.94422310756972,31.47410358565737,47.410358565737056,61.354581673306775,36.05577689243028,Fear
2026-07-01,30.677290836653388,37.84860557768924,15.139442231075698,47.01195219123506,55.37848605577689,18.725099601593627,34.13014608233732,Fear
2026-07-02,33.46613545816733,48.20717131474104,45.0199203187251,77.68924302788844,77.29083665338645,5.179282868525888,47.80876494023904,Neutral
2026-07-03,34.66135458167331,61.354581673306775,45.0199203187251,89.64143426294821,86.05577689243027,31.474103585657375,58.03452855245684,Greed
2026-07-06,40.23904382470119,60.95617529880478,45.0199203187251,87.64940239043824,92.03187250996015,2.390438247011957,54.7144754316069,Neutral
2026-07-07,39.8406374501992,66.53386454183267,45.0199203187251,82.07171314741036,94.82071713147411,35.85657370517929,60.69057104913679,Greed
2026-07-08,29.880478087649404,27.091633466135463,17.928286852589643,32.669322709163346,84.86055776892431,77.68924302788845,45.0199203187251,Neutral
2026-07-09,32.669322709163346,35.4581673306773,45.41832669322709,51.39442231075697,87.64940239043824,51.39442231075697,50.66401062416998,Neutral
2026-07-10,36.65338645418327,47.410358565737056,45.41832669322709,83.26693227091634,93.62549800796812,7.171314741035857,52.25763612217796,Neutral
2026-07-13,37.45019920318725,37.05179282868526,45.41832669322709,68.12749003984064,83.66533864541833,1.1952191235059786,45.48472775564409,Neutral
2026-07-14,34.66135458167331,31.075697211155372,39.04382470119522,50.199203187250994,60.55776892430279,39.8406374501992,42.56308100929615,Fear
2026-07-15,35.45816733067729,37.84860557768924,45.41832669322709,52.191235059760956,43.82470119521912,52.589641434262944,44.55511288180611,Fear
2026-07-16,35.85657370517929,41.035856573705175,45.0199203187251,58.964143426294825,43.02788844621514,48.20717131474104,45.35192563081009,Neutral
2026-07-17,43.82470119521912,39.44223107569721,44.6215139442231,82.47011952191235,58.16733067729084,1.5936254980079667,45.0199203187251,Neutral
2026-07-20,42.62948207171315,40.63745019920319,44.223107569721115,93.62549800796812,63.34661354581673,6.374501992031881,48.472775564409034,Neutral
2026-07-23,33.86454183266932,34.26294820717132,43.82470119521912,58.16733067729084,45.81673306772908,80.4780876494024,49.40239043824701,Neutral
2026-07-24,31.872509960159363,29.880478087649394,17.52988047808765,37.84860557768924,34.66135458167331,64.9402390438247,36.122177954847274,Fear
2026-07-27,37.84860557768924,45.019920318725106,43.82470119521912,78.08764940239044,54.581673306772906,27.091633466135463,47.74236387782205,Neutral
2026-07-28,37.84860557768924,46.21513944223108,35.45816733067729,86.05577689243027,61.75298804780876,44.62151394422311,51.992031872509955,Neutral
2026-07-29,47.01195219123506,56.57370517928287,43.82470119521912,94.42231075697211,72.50996015936255,14.741035856573703,54.84727755644091,Neutral
2026-07-30,49.00398406374502,53.386454183266935,43.42629482071713,92.03187250996015,66.13545816733067,8.366533864541836,52.05843293492696,Neutral
2026-08-03,75.69721115537848,60.95617529880478,42.62948207171315,100.0,76.49402390438247,2.7888446215139453,59.760956175298794,Greed
2026-08-04,68.12749003984064,52.191235059760956,16.733067729083665,86.85258964143426,72.50996015936255,44.62151394422311,56.83930942895086,Greed
2026-08-05,68.92430278884463,56.97211155378486,42.23107569721115,82.07171314741036,89.2430278884462,64.9402390438247,67.39707835325366,Greed
2026-08-06,70.1195219123506,54.18326693227092,41.832669322709165,46.21513944223107,83.66533864541833,37.05179282868526,55.5112881806109,Greed
2026-08-07,64.5418326693227,54.58167330677291,41.43426294820717,48.60557768924303,68.92430278884463,67.72908366533865,57.63612217795485,Greed
2026-08-10,68.52589641434263,49.800796812749006,41.03585657370518,48.60557768924303,70.1195219123506,47.01195219123506,54.183266932270925,Neutral
2026-08-11,60.55776892430279,63.745019920318725,40.63745019920319,23.50597609561753,72.50996015936255,71.31474103585657,55.3784860557769,Greed
2026-08-12,58.56573705179283,69.32270916334662,40.63745019920319,21.51394422310757,74.5019920318725,63.745019920318725,54.71447543160691,Neutral
2026-08-13,56.97211155378486,73.30677290836654,15.936254980079681,21.115537848605577,66.93227091633466,62.94820717131474,49.53519256308101,Neutral
