,pcr_oi
2024-06-05,0.7524734966054937
2024-06-06,0.8084593961388116
2024-06-07,1.1540521788092095
2024-06-10,0.9701442920288568
2024-06-11,1.0191638703830088
2024-06-12,1.0240770845928728
2024-06-13,1.010485201861407
2024-06-14,1.3042719112262435
2024-06-18,1.2560623894095289
2024-06-19,1.102193937016018
2024-06-20,1.140091601450671
2024-06-21,1.0445142683337498
2024-06-24,1.1381098511016174
2024-06-25,1.3802045153007163
2024-06-26,1.3118336994764153
2024-06-27,1.2554716225158191
2024-06-28,1.166659024206498
2024-07-01,1.205135449280859
2024-07-02,1.150628731005349
2024-07-03,1.2384018562986685
2024-07-04,1.0307137937050772
2024-07-05,1.1951440692999944
2024-07-08,1.184208010977295
2024-07-09,1.2822953188142503
2024-07-10,0.9653471294578836
2024-07-11,0.9517987060938884
2024-07-12,1.276379593821643
2024-07-15,1.3304031764292552
2024-07-16,1.2539201811126737
2024-07-18,1.2741997893687913
2024-07-19,1.109204913401004
2024-07-22,1.0159370649198802
2024-07-23,0.8705236335702632
2024-07-24,0.8703865317660386
2024-07-25,1.0091787546769373
2024-07-26,1.3576960942559322
2024-07-29,1.1384916519402382
2024-07-30,1.230952689054818
2024-07-31,1.2831548544983602
2024-08-01,1.069020436188586
2024-08-02,0.9069971410747518
2024-08-05,0.7162349777746262
2024-08-06,0.7124720927111389
2024-08-07,0.8808993029198412
2024-08-08,0.8254263550162935
2024-08-09,1.0904838794720848
2024-08-12,1.0309713837004235
2024-08-13,0.7819010570631497
2024-08-14,0.8506693292303523
2024-08-16,1.31114327208487
2024-08-19,1.1746578703033148
2024-08-20,1.265946050882113
2024-08-21,1.236973409065623
2024-08-22,1.0757073706339866
2024-08-23,1.2715386334038157
2024-08-26,1.3085452845649943
2024-08-27,1.2165493178791973
2024-08-28,1.2149407100353342
2024-08-29,1.2674997639071135
2024-08-30,1.409090767036073
2024-09-02,1.1755124121429883
2024-09-03,1.1956709042295954
2024-09-04,1.0777833887334027
2024-09-05,0.9219014824874124
2024-09-06,0.9194035030248467
2024-09-09,0.964498685995234
2024-09-10,1.0722160997816526
2024-09-11,0.8790944455815284
2024-09-12,1.174898153171237
2024-09-13,1.332955581405882
2024-09-16,1.26199508325178
2024-09-17,1.2991301946839684
2024-09-18,1.1306224776371068
2024-09-19,0.9671850119102776
2024-09-20,1.4968561091319037
2024-09-23,1.4180791382154707
2024-09-24,1.3149402654368318
2024-09-25,1.327595246936596
2024-09-26,1.3248245596323895
2024-09-27,1.1620125703649342
2024-09-30,0.8376066182708737
2024-10-01,0.8259909383824416
2024-10-03,0.8024479030046443
2024-10-04,0.6854990002853485
2024-10-07,0.6722941292130563
2024-10-08,0.7425945616407928
2024-10-09,0.7178332245933218
2024-10-10,0.8123177258970868
2024-10-11,0.8351968041906138
2024-10-14,0.9004742739496601
2024-10-15,0.7746584243331064
2024-10-16,0.7392160450538373
2024-10-17,0.6572816838092963
2024-10-18,0.9334446924660088
2024-10-21,0.8131198687466237
2024-10-22,0.7260715718240053
2024-10-23,0.7948483791574126
2024-10-24,0.8596098202546242
2024-10-25,0.8708188283851032
2024-10-28,0.9570572011909332
2024-10-29,1.0190162595566656
2024-10-30,0.9055467301528416
2024-10-31,0.8474214282116236
2024-11-01,1.0682454106439194
2024-11-04,0.8490504511944373
2024-11-05,0.944969614419312
2024-11-06,0.9677708899924992
2024-11-07,0.7508199465638765
2024-11-08,0.90541029702537
2024-11-11,0.9057541324598664
2024-11-12,0.7200756700966567
2024-11-13,0.6995142996694482
2024-11-14,0.8047793914395526
2024-11-18,0.8529860199491724
2024-11-19,0.8264540272957327
2024-11-21,0.8625789966877652
2024-11-22,1.1901676166847222
2024-11-25,1.1122505544712444
2024-11-26,1.0352836774959602
2024-11-27,1.12191262853209
2024-11-28,0.8322297244736246
2024-11-29,1.0844928919549055
2024-12-02,1.2231231960855926
2024-12-03,1.2886932463502363
2024-12-04,1.1441349211211216
2024-12-05,1.1596623429322812
2024-12-06,1.0268034556095087
2024-12-09,0.8970540513788023
2024-12-10,0.8550163843802098
2024-12-11,0.866323798257964
2024-12-12,0.7609260807366325
2024-12-13,1.116485475972415
2024-12-16,0.9036368589172594
2024-12-17,0.645350389461717
2024-12-18,0.551055941942259
2024-12-19,0.7416032704924567
2024-12-20,0.796201310345993
2024-12-23,0.8433159543818155
2024-12-24,0.9374020083052028
2024-12-26,0.884469408894495
2024-12-27,1.032323834961281
2024-12-30,0.8836177177214318
2024-12-31,0.9923344000740696
2025-01-01,1.0564957044637235
2025-01-02,1.221359291674564
2025-01-03,0.8634501922765578
2025-01-06,0.7189343178478846
2025-01-07,0.8153579203651627
2025-01-08,0.83388748586135
2025-01-09,0.7656386155100016
2025-01-10,0.8846518703587469
2025-01-13,0.720358042603142
2025-01-14,0.8628348928640927
2025-01-15,0.820350508119125
2025-01-16,0.840328338792165
2025-01-17,0.9100008670024864
2025-01-20,1.029643214417124
2025-01-21,0.7726510453156219
2025-01-22,0.8768951009162765
2025-01-23,1.0013001110816784
2025-01-24,0.844475622160477
2025-01-27,0.7544044621187088
2025-01-28,0.947038534412997
2025-01-29,1.057881466847874
2025-01-30,0.9191182423067392
2025-01-31,1.007078146600089
2025-02-03,0.8703088753081902
2025-02-04,1.1601893283550946
2025-02-05,0.97199343506698
2025-02-06,0.8357375178035361
2025-02-07,0.8329953942383823
2025-02-10,0.7516425787794887
2025-02-11,0.690467156418485
2025-02-12,0.7526589586544533
2025-02-13,0.802742566234697
2025-02-14,0.7744583175108518
2025-02-17,0.8724926817651573
2025-02-18,0.836250871763047
2025-02-19,0.8016635423032878
2025-02-20,0.8684366038511941
2025-02-21,0.818935890562927
2025-02-24,0.7100245013116864
2025-02-25,0.7725322110722502
2025-02-27,0.8624749336567442
2025-02-28,0.776340960828076
2025-03-03,0.807123943508669
2025-03-04,0.862982093024909
2025-03-05,1.052769791658497
2025-03-06,1.107310149133958
2025-03-07,1.0756496324654794
2025-03-10,0.9078205449438308
2025-03-11,1.0896128800000884
2025-03-12,0.9629613980206664
2025-03-13,0.8655188444586915
2025-03-17,1.047099874259503
2025-03-18,1.2910934528618645
2025-03-19,1.2044833115420763
2025-03-20,1.147115734315368
2025-03-21,1.1473987356418127
2025-03-24,1.2202734541536384
2025-03-25,1.038109338875381
2025-03-26,0.9194388254455184
2025-03-27,1.005723186629382
2025-03-28,0.9203990688002628
2025-04-01,0.7592210719787688
2025-04-02,0.9558213058127164
2025-04-03,1.1397027595049416
2025-04-04,0.7435036273254362
2025-04-07,0.7214530908450808
2025-04-08,0.8438107059002531
2025-04-09,0.8979269980702527
2025-04-11,0.9555440047118152
2025-04-15,0.9319486423444618
2025-04-16,0.980789071674097
2025-04-17,1.1474377215621203
2025-04-21,1.1543178131149527
2025-04-22,1.0995892976257489
2025-04-23,1.1010827695911976
2025-04-24,0.8953584520741917
2025-04-25,0.8734693601671129
2025-04-28,1.2161127956387103
2025-04-29,0.941994070636533
2025-04-30,1.0725686130729633
2025-05-02,0.9056407274441092
2025-05-05,0.96773387089533
2025-05-06,0.9248402475262132
2025-05-07,0.9701962002311224
2025-05-08,1.003050504247742
2025-05-09,0.9414475347618796
2025-05-12,1.2917995187213247
2025-05-13,0.8510219184301162
2025-05-14,0.8903133123269714
2025-05-15,1.0833106692142491
2025-05-16,0.9684083149713216
2025-05-19,0.8221295516273477
2025-05-20,0.6937556985571787
2025-05-21,0.812683355944732
2025-05-22,0.7931172409594403
2025-05-23,1.0851041212703094
2025-05-26,1.0642126337180111
2025-05-27,0.8205440529759985
2025-05-28,0.7576400720535054
2025-05-29,0.7928785640390139
2025-05-30,0.7673735309760407
2025-06-02,0.8207677272615973
2025-06-03,0.6451313681375841
2025-06-04,0.7306725460059217
2025-06-05,0.8443657952265736
2025-06-06,1.049474558520819
2025-06-09,1.0090038422909724
2025-06-10,0.9726572181263504
2025-06-11,0.9726796261824752
2025-06-12,0.7256983035876371
2025-06-13,0.891668884326652
2025-06-16,1.140942652545752
2025-06-17,0.9499176046312648
2025-06-18,0.8011636209421745
2025-06-19,0.9822849739277796
2025-06-20,1.160570540266225
2025-06-23,1.0421810306547803
2025-06-24,0.8533976232030773
2025-06-25,1.1339413123924071
2025-06-26,1.2898564558091443
2025-06-27,1.2505510452338726
2025-06-30,0.8121965934748573
2025-07-01,0.8823998410351057
2025-07-02,0.7821462834705178
2025-07-03,0.8571734511012322
2025-07-04,0.9347941897219164
2025-07-07,0.9524608702829578
2025-07-08,1.0391521850580605
2025-07-09,0.8608361494517124
2025-07-10,0.7633911032363249
2025-07-11,0.7608544784043663
2025-07-14,0.7208738696382474
2025-07-15,0.8790756129047979
2025-07-16,0.9197974372352432
2025-07-17,0.7857590380145196
2025-07-18,0.782548140016883
2025-07-21,0.95505210313599
2025-07-22,0.8372734454064703
2025-07-23,1.1444623972492785
2025-07-24,0.7958835909161578
2025-07-25,0.7037939108538607
2025-07-28,0.6355136188141489
2025-07-29,0.8043233823139093
2025-07-30,0.8731018126878581
2025-07-31,1.0113757408878756
2025-08-01,0.7466419548131651
2025-08-04,0.9351531044137916
2025-08-05,0.8343648793638758
2025-08-06,0.7449031212543765
2025-08-07,0.918149291997148
2025-08-08,0.6583435338033005
2025-08-11,1.029905865734072
2025-08-12,0.7812861959992367
2025-08-13,1.0770600690277985
2025-08-14,0.9637547429781722
2025-08-18,0.9965885520379614
2025-08-19,1.1408369029310188
2025-08-20,1.2759757669329113
2025-08-21,1.0708968991066825
2025-08-22,0.7269121857687005
2025-08-25,0.8789027667306243
2025-08-26,0.720639760119046
2025-08-28,0.7604148205724022
2025-08-29,0.7110653010973761
2025-09-01,1.1392169154902594
2025-09-02,0.935512801783644
2025-09-03,1.2074340003825847
2025-09-04,0.843491341002869
2025-09-05,0.8649841839085184
2025-09-08,0.9521582093471525
2025-09-09,1.130733986541695
2025-09-10,1.1519336795167814
2025-09-11,1.174808173731735
2025-09-12,1.2881500271374533
2025-09-15,1.0828810782872276
2025-09-16,1.320424667044499
2025-09-17,1.2098807076304618
2025-09-18,1.1566493966406002
2025-09-19,0.9396955411517688
2025-09-22,0.7233800653448966
2025-09-23,0.8572633717719778
2025-09-24,0.8721352361555232
2025-09-25,0.6811228564801352
2025-09-26,0.6287818455585656
2025-09-29,0.7130215051026181
2025-09-30,0.8448793558259058
2025-10-01,1.1847526527665089
2025-10-03,1.1722059191675516
2025-10-06,1.3325546349048536
2025-10-07,1.0410941864989864
2025-10-08,0.7978367513645623
2025-10-09,1.058574844279342
2025-10-10,1.3197495826759191
2025-10-13,1.0472604660600426
2025-10-14,0.8169839960075026
2025-10-15,1.2124680872049134
2025-10-16,1.3828837389945134
2025-10-17,1.213233987616417
2025-10-20,1.009704091215682
2025-10-21,1.0797241088822198
2025-10-23,0.948918541281406
2025-10-24,0.7553416546948108
2025-10-27,1.0716666081474209
2025-10-28,0.933505527062065
2025-10-29,1.1357477489631016
2025-10-30,0.7506505342795516
2025-10-31,0.6412962875222639
2025-11-03,0.7809829141467786
2025-11-04,0.754465399877985
2025-11-06,0.7735698872126777
2025-11-07,0.9339837190114908
2025-11-10,0.986852803676139
2025-11-11,1.0963993497799982
2025-11-12,1.227413270108895
2025-11-13,1.0988837684017092
2025-11-14,0.9157599880554178
2025-11-17,1.12975099285236
2025-11-18,0.9397963049443036
2025-11-19,1.2862870057261029
2025-11-20,1.440435123383777
2025-11-21,1.026858343710887
2025-11-24,0.773692871759213
2025-11-25,0.824927514766868
2025-11-26,1.4528614078300488
2025-11-27,1.1586214537960535
2025-11-28,1.141971309553204
2025-12-01,0.8886691310240316
2025-12-02,0.83090976160305
2025-12-03,0.8524197720059715
2025-12-04,0.926236647784722
2025-12-05,1.217839815159505
2025-12-08,0.641525193158806
2025-12-09,0.7838300438182799
2025-12-10,0.7261546957367616
2025-12-11,0.93773963190503
2025-12-12,1.151518636269098
2025-12-15,1.1840217874987404
2025-12-16,0.8407133164748233
2025-12-17,0.768252767605429
2025-12-18,0.8313670595847458
2025-12-19,1.13171910068128
2025-12-22,1.417326445702798
2025-12-23,1.13389641221256
2025-12-24,0.9841446691561652
2025-12-26,0.7610723612156104
2025-12-29,0.6751456553606628
2025-12-30,0.8563567811950678
2025-12-31,1.2662792176009374
2026-01-01,1.1313589310257486
2026-01-02,1.4631699380960768
2026-01-05,0.9988651160835262
2026-01-06,0.9141795311447604
2026-01-07,0.8870647503487216
2026-01-08,0.6644258614767535
2026-01-09,0.6216407963053493
2026-01-12,0.8952451400942523
2026-01-13,0.7907655788165517
2026-01-14,0.8099669287286434
2026-01-16,0.7590348748605602
2026-01-19,0.7667572234722181
2026-01-20,0.6514054318938177
2026-01-21,0.7831667717811527
2026-01-22,0.8744791990535385
2026-01-23,0.70069517541734
2026-01-27,0.936284222631026
2026-01-28,0.9708346325245
2026-01-29,1.0565626066009657
2026-01-30,0.8997953287532595
2026-02-02,0.9815379079791824
2026-02-03,0.9589373907149168
2026-02-04,1.0696494472558409
2026-02-05,0.8123668110022138
2026-02-06,0.9646593382879436
2026-02-09,1.1092244950953796
2026-02-10,1.1325110688970834
2026-02-11,1.0550755728837728
2026-02-12,0.8156458087969888
2026-02-13,0.6461297358478881
2026-02-16,1.1066165476112442
2026-02-17,1.1095542066896626
2026-02-18,1.218070976047415
2026-02-19,0.6979338111311892
2026-02-20,0.9753498557651196
2026-02-23,1.0564475424835644
2026-02-24,0.8855130186654803
2026-02-25,0.8762693050949083
2026-02-26,0.8798693080748
2026-02-27,0.6263849526183275
2026-03-02,0.9334991523626168
2026-03-04,0.950924103756618
2026-03-05,1.0149046663211667
2026-03-06,0.8351426729611031
2026-03-09,0.9946220711511512
2026-03-10,1.0248328748267337
2026-03-11,0.8344395737946767
2026-03-12,0.8584075852071066
2026-03-13,0.7481729807644432
2026-03-16,1.027864027138246
2026-03-17,1.1063826166715758
2026-03-18,1.139830994099294
2026-03-19,0.9079506433667454
2026-03-20,0.9342840197956184
2026-03-23,0.8444734552199571
2026-03-24,1.0169327377458577
2026-03-25,1.2092248996059394
2026-03-27,0.9379608554152477
2026-03-30,0.8246998907753276
2026-04-01,0.9301910729418864
2026-04-02,1.0927038436099916
2026-04-06,1.222315914212572
2026-04-07,1.2646950598464533
2026-04-08,1.1268833775875409
2026-04-09,0.973034144730454
2026-04-10,1.1290327383723655
2026-04-13,1.172225305589913
2026-04-15,1.124781337669479
2026-04-16,0.98196490414927
2026-04-17,1.09476104001919
2026-04-20,1.1337583036443009
2026-04-21,1.349035826228436
2026-04-22,1.0171974641623034
2026-04-23,0.9232061780345372
2026-04-24,0.784025448544507
2026-04-27,0.9972341102697008
2026-04-28,0.8751856601108634
2026-04-29,1.0411561773514244
2026-04-30,0.9829851959036754
2026-05-04,0.8011302458416408
2026-05-05,0.9663767441526592
2026-05-06,1.186312982974978
2026-05-07,1.081560539006556
2026-05-08,0.9330591339172132
2026-05-11,0.7564237342996308
2026-05-12,0.6850017681594065
2026-05-13,0.9345201318621288
2026-05-14,1.165601593077446
2026-05-15,1.0065402555844705
2026-05-18,1.239605596956623
2026-05-19,0.96396061264813
2026-05-20,1.2385933391322488
2026-05-21,0.9999173846835504
2026-05-22,1.0750566264600836
2026-05-25,1.2586212695885883
2026-05-26,0.97714329785385
2026-05-27,1.0175533264754613
2026-05-29,0.7444959367233172
2026-06-01,0.6928540160926779
2026-06-02,1.0540824917957634
2026-06-03,1.0163694058159565
2026-06-04,1.0031721815047674
2026-06-05,0.8273227257744077
2026-06-08,0.7764380029095037
2026-06-09,0.930421456710232
2026-06-10,0.934396491267562
2026-06-11,0.985253091878226
2026-06-12,1.4120020194642535
2026-06-15,0.9881245846327976
2026-06-16,1.1116800803118865
2026-06-17,1.100042264912296
2026-06-18,1.1229213599085823
2026-06-19,0.9100303893945824
2026-06-22,0.9653915169384096
2026-06-23,0.7193411413649995
2026-06-24,1.2084584906740776
2026-06-25,1.0607829299192766
2026-06-29,0.8503094512389805
2026-06-30,0.90560914388913
2026-07-01,1.1348963563889267
2026-07-02,1.282068092326614
2026-07-03,1.0657903676574312
2026-07-06,1.380126526678698
2026-07-07,1.0283629721573413
2026-07-08,0.8077188845974409
2026-07-09,0.9413868982927928
2026-07-10,1.2498737698896183
2026-07-13,1.4303080412030251
2026-07-14,1.01196612974367
2026-07-15,0.9475207516541282
2026-07-16,0.9700124657499885
2026-07-17,1.4233670153822529
2026-07-20,1.2763813065507643
2026-07-21,0.9065377791783488
2026-07-22,0.8438103151681353
2026-07-23,0.7965833443091233
2026-07-24,0.8919862705967403
2026-07-27,1.1059586875514016
2026-07-28,0.9896756459462436
2026-07-29,1.183431074866786
2026-07-30,1.2576571180973666
2026-07-31,1.386611651560709
2026-08-03,1.398036060414006
2026-08-04,0.9976235305614384
2026-08-05,0.9068153088684135
2026-08-06,1.0449592402176624
